bookID,title,authors,average_rating,isbn,isbn13,language_code,# num_pages,ratings_count,text_reviews_count
1005,Think and Grow Rich: The Landmark Bestseller Now Revised and Updated for the 21st Century,Napoleon Hill,4.18,1585424331,9781585424337,eng,320,88437,2305
1007,Think and Grow Rich,Napoleon Hill,4.18,1932429239,9781932429237,eng,368,44,9
1014,Pragmatic Version Control: Using Subversion (The Pragmatic Starter Kit Series),Mike   Mason,3.57,0977616657,9780977616657,eng,256,170,14
1022,Read My Lips: Sexual Subversion and the End of Gender,Riki Anne Wilchins,3.95,1563410907,9781563410901,en-US,288,249,16
1032,Trump: The Art of the Deal,Donald J. Trump-Tony Schwartz,3.65,0345479173,9780345479174,en-US,384,11727,856
1052,The Richest Man in Babylon,George S. Clason,4.25,0451205367,9780451205360,eng,194,67697,2865
1053,The Richest Man in Babylon,George S. Clason,4.25,1419349996,9781419349997,eng,4,78,12
1059,Shibumi,Trevanian-Gisela Stege,4.22,1400098033,9781400098033,eng,480,9001,612
1067,1776,David McCullough,4.07,0743226720,9780743226721,eng,386,158126,6034
1068,1776,Peter  Stone-Sherman Edwards,4.21,0140481397,9780140481396,eng,192,1269,30
1073,The Crescent Obscured: The United States and the Muslim World  1776-1815,Robert J. Allison,3.60,0226014908,9780226014906,eng,284,32,5
1077,Gap Creek,Robert Morgan,3.73,1565122429,9781565122420,eng,326,282,42
1078,The Good Earth (House of Earth  #1),Pearl S. Buck,3.98,1416500189,9781416500186,eng,418,195372,7481
1083,The Good Earth,Pearl S. Buck,3.98,0671823493,9780671823498,en-US,260,54,7
1090,Purpose Driven Life - For Commuters: What on Earth Am I Here For?,Rick Warren,3.92,0310258979,9780310258971,eng,5,26,2
1093,Purpose Driven Life,Rick Warren,3.92,0310264138,9780310264132,en-US,336,20,3
1097,Fast Food Nation: The Dark Side of the All-American Meal,Eric Schlosser,3.74,0060838582,9780060838584,eng,399,187311,4923
1099,Fast Food Nation: What The All-American Meal is Doing to the World,Eric Schlosser,3.74,0141006870,9780141006871,eng,384,793,75
1103,Snow Flower and the Secret Fan,Lisa See,4.07,0812968069,9780812968064,eng,269,296789,14990
1110,The Broker,John Grisham,3.78,0385340540,9780385340540,eng,422,70174,2245
1111,The Power Broker: Robert Moses and the Fall of New York,Robert A. Caro,4.50,0394720245,9780394720241,eng,1344,9845,1109
1117,The Power Broker: A Novel (Christian Gillette  #3),Stephen W. Frey,3.73,0345480600,9780345480606,eng,320,27,1
1120,Body For Life: 12 Weeks to Mental and Physical Strength,Bill Phillips-Michael D'Orso,3.73,0060193395,9780060193393,en-US,201,3806,275
1121,Body for Life for Women: A Woman's Plan for Physical and Mental Transformation,Pamela Peeke-Cindy Crawford,3.63,1579546013,9781579546014,en-US,288,398,63
1123,Eating for Life: Your Guide to Great Health  Fat Loss and Increased Energy!,Bill Phillips,3.95,0972018417,9780972018418,eng,405,788,51
1130,The Warren Buffett Way,Robert G. Hagstrom-Bill Miller-Kenneth L. Fisher,4.12,0471743674,9780471743675,en-US,245,218,17
1138,The Warren Buffett CEO: Secrets from the Berkshire Hathaway Managers,Robert P. Miles-Tom Osborne,4.05,0471430455,9780471430452,eng,432,36,1
1164,Monkey Business: True Story of the Scopes Trial,Marvin N. Olasky-John R. Perry,3.16,0805431578,9780805431575,eng,368,25,7
1167,Junie B. Jones and a Little Monkey Business (Junie B. Jones  #2),Barbara Park-Denise Brunkus,3.98,0679838864,9780679838869,en-US,68,10723,591
1169,Monkey Business,Sarah Mlynowski,3.66,0373250711,9780373250714,eng,400,3250,68
1171,Liar's Poker,Michael   Lewis,4.15,0140143459,9780140143454,eng,256,22710,931
1177,Liar's Poker: A Harry Garnish Mystery,Frank McConnell,3.31,0802732291,9780802732293,eng,214,13,1
1191,Giada's Family Dinners,Giada De Laurentiis-Victoria Pearson,3.96,030723827X,9780307238276,eng,256,13866,73
1192,Everyday Italian: 125 Simple and Delicious Recipes,Giada De Laurentiis,3.95,1400052580,9781400052585,eng,256,38550,212
1193,Everyday Pasta,Giada De Laurentiis-Victoria Pearson,4.09,0307346587,9780307346582,eng,240,8719,54
1196,Tyler's Ultimate: Brilliant Simple Food to Make Any Time,Tyler Florence-Petrina Tinslay,4.10,1400052386,9781400052387,eng,256,3586,33
1197,Tyler Florence's Real Kitchen: An Indespensible Guide for Anybody Who Likes to Cook,Tyler Florence-JoAnn Cianciulli-Bill Bettencourt-Bobby Flay,4.05,0609609971,9780609609972,eng,304,1376,16
1198,Eat This Book: Cooking with Global Fresh Flavors,Tyler Florence-Petrina Tinslay,3.92,1400052378,9781400052370,eng,287,270,15
1202,Freakonomics: A Rogue Economist Explores the Hidden Side of Everything,Steven D. Levitt-Stephen J. Dubner,3.96,0061234001,9780061234002,eng,320,589427,12648
1204,Freakonomics: Un economista políticamente incorrecto explora el lado oculto de lo que nos afecta,Steven D. Levitt-Stephen J. Dubner,3.96,8466625127,9788466625128,spa,250,185,23
1206,Freakonomics: A Rogue Economist Explores the Hidden Side of Everything,Steven D. Levitt-Stephen J. Dubner,3.96,0061245135,9780061245138,en-US,496,94,5
1207,Freakonomics  - O Estranho Mundo da Economia,Steven D. Levitt-Stephen J. Dubner-Carlos Braga,3.96,9722334964,9789722334969,por,264,75,6
1217,Collapse,Jared Diamond,3.93,0739455354,9780739455357,eng,525,19,0
1218,The Last Assassin (John Rain  #5),Barry Eisler,4.25,0399153594,9780399153594,eng,338,179,22
1226,Life of Pi,Yann Martel,3.90,0156030209,9780156030205,en-US,401,4242,672
1227,Vida de Pi,Yann Martel,3.90,8423335127,9788423335121,spa,323,52,8
1230,L'Histoire de Pi,Yann Martel-Nicole Martel-Emile Martel,3.90,0828808392,9780828808392,fre,448,165,24
1232,The Shadow of the Wind (The Cemetery of Forgotten Books  #1),Carlos Ruiz Zafón-Lucia Graves,4.26,0143034901,9780143034902,eng,487,306069,21008
1234,Shadows and Wind: A View of Modern Vietnam,Robert Templer,3.48,0140285970,9780140285970,eng,400,101,8
1239,Shadows and Wind: A View of Modern Vietnam,Robert Templer,3.48,0316646660,9780316646666,eng,400,1,0
1241,A Million Little Pieces,James Frey,3.63,0307276902,9780307276902,eng,432,195863,10669
1242,A Million Little Pieces of Feces,Python Bonkers,3.55,1411677315,9781411677319,en-US,256,42,6
1243,A Million Little Lies,James Pinocchio-Pablo Fenjves,3.40,0061171468,9780061171468,en-US,191,200,24
1246,The Leadership Challenge,James M. Kouzes-Barry Z. Posner,4.04,0787968331,9780787968335,en-US,458,865,41
1252,Lincoln on Leadership: Executive Strategies for Tough Times,Donald T. Phillips,4.13,0446394599,9780446394598,eng,193,5000,267
1255,Leadership in Organizations,Gary Yukl,3.68,0131494848,9780131494848,en-GB,542,55,4
1259,Leadership Through the Ages: A Collection of Favorite Quotations,Rudolph W. Giuliani,3.95,1401359299,9781401359294,eng,115,14,1
1265,Leadership,Rudolph W. Giuliani,3.72,0316861014,9780316861014,eng,397,1755,142
1274,Men Are from Mars  Women Are from Venus,John Gray,3.54,0060574216,9780060574215,eng,368,126108,3115
1276,Mars and Venus Book of Days: 365 Inspriations to Enrich Your Relationships,John Gray,3.54,0060192771,9780060192778,en-US,368,18,1
1277,Men are from Mars  Women are from Venus,John Gray,3.54,0007152590,9780007152599,eng,307,1057,121
1280,Men Are From Mars  Women Are From Venus: A Practical Guide For Improving Communication and Getting What You Want,John Gray,3.54,0722538448,9780722538449,en-GB,286,100,9
1281,Men Are from Mars  Women Are from Venus,John Gray,3.54,006123205X,9780061232053,eng,2,41,3
1290,How to Succeed with Women,Ron  Louis-David Copeland,3.77,0735200300,9780735200302,en-US,320,80,12
1295,The Clan of the Cave Bear (Earth's Children  #1),Jean M. Auel,4.04,0553381679,9780553381672,eng,512,183361,4406
1296,The Clan of the Cave Bear (Earth's Children  #1),Jean M. Auel,4.04,0517542021,9780517542026,eng,468,471,63
1297,The Clan of the Cave Bear  Part 1 of 2 (Earth's Children  #1),Jean M. Auel-Donada  Peters,4.43,0736606378,9780736606370,eng,0,611,34
1298,The Clan of the Cave Bear  Part 2 of 2 (Earth's Children  #1),Jean M. Auel,4.56,5557075313,9785557075312,eng,24,0,0
1301,Moneyball: The Art of Winning an Unfair Game,Michael   Lewis,4.26,0393324818,9780393324815,eng,317,78308,4002
1302,Juiced Official Strategy Guide,Doug Walsh,0.00,0744005612,9780744005615,eng,112,0,0
1303,The 48 Laws of Power,Robert Greene-Joost Elffers,4.19,0140280197,9780140280197,eng,452,52500,2751
1305,Gates of Fire: An Epic Novel of the Battle of Thermopylae,Steven Pressfield,4.41,055338368X,9780553383683,eng,392,20649,1530
1306,Gates Of Fire,Steven Pressfield,4.41,0553812165,9780553812169,en-US,523,316,31
1307,Fire Sea (The Death Gate Cycle  #3),Margaret Weis-Tracy Hickman,4.06,0553295411,9780553295412,eng,414,15900,173
1312,The Gate of Fire (Oath Of Empire Book Two),Thomas Harlan,3.58,0812590104,9780812590104,en-US,721,143,5
1315,The Afghan Campaign,Steven Pressfield,3.96,038551641X,9780385516419,eng,354,2884,193
1317,Tides of War,Steven Pressfield,3.89,0553381393,9780553381399,eng,448,3285,150
1318,Last of the Amazons,Steven Pressfield,3.75,0553382047,9780553382044,eng,400,2083,121
1319,The War of Art: Break Through the Blocks & Win Your Inner Creative Battles,Steven Pressfield-Robert McKee,4.02,0446691437,9780446691437,eng,168,46883,4238
1320,Gita on the Green,Stephen J. Rosen-Steven Pressfield,3.74,0826413013,9780826413017,en-US,176,14,1
1322,Blood Stripes: The Grunt's View of the War in Iraq,David J. Danelo-Steven Pressfield,3.88,0811701646,9780811701648,eng,340,79,6
1326,Phaedrus and Letters VII and VIII,Plato-Walter Hamilton,4.12,0140442758,9780140442755,en-US,160,216,19
1327,Phaedrus,Plato-Robin Waterfield,3.91,0192802771,9780192802774,eng,128,27,5
1328,Phaedrus,Plato-C.J. Rowe,3.91,0140449744,9780140449747,eng,176,227,20
1330,Euthyphro. Apology. Crito. Phaedo. Phaedrus.,Plato-Harold North Fowler,4.36,0674990404,9780674990401,mul,583,998,13
1331,Babrius and Phaedrus: Fables (Loeb Classical Library #436),Babrius-Phaedrus-Ben Edwin Perry,4.31,0674994809,9780674994805,eng,736,16,2
1332,Parmenides/Philebus/Symposium/Phaedrus/Alcibiades 1-2/Hipparchus/Amatores (Platonis Opera  #2),Plato-John Burnet-Hipparchus,4.87,0198145411,9780198145417,grc,410,15,0
1334,Lysis/Phaedrus/Symposium: Plato on Homosexuality,Plato-Benjamin Jowett,4.47,0879756322,9780879756321,eng,157,14,1
1337,Enthusiasm and Divine Madness,Josef Pieper-Richard Winston-Clara Winston,4.48,189031823X,9781890318239,eng,125,25,4
1338,On Love: Lysis/Symposium/Phaedrus/Alcibiades/Selections from Republic & Laws,Plato-C.D.C. Reeve,4.05,0872207889,9780872207882,eng,272,146,4
1342,Gorgias/Phaedrus (Agora),Plato-James H. Nichols Jr.,4.41,0801435307,9780801435300,eng,233,15,1
1351,Statesman,Plato-C.J. Rowe,3.84,0872204626,9780872204621,eng,128,25,6
1354,Gorgias,Plato-Walter Hamilton-Chris Emlyn-Jones,3.95,0140449043,9780140449044,en-GB,208,7840,180
1356,Lysis/Symposium/Gorgias,Plato-W.R.M. Lamb,4.39,0674991842,9780674991842,eng,560,426,5
1362,The Histories,Herodotus-Aubrey de Sélincourt-John M. Marincola,3.98,0140449086,9780140449082,eng,716,32923,558
1363,The Histories,Herodotus-Aubrey de Sélincourt-John M. Marincola,3.98,0140446389,9780140446388,eng,622,223,18
1364,The History (Great Minds),Herodotus-Henry Francis Cary,3.98,0879757779,9780879757779,en-US,613,2,0
1365,The Histories,Herodotus-Carolyn Dewald-Robin Waterfield,3.98,0192824252,9780192824257,eng,772,265,39
1366,The Histories,Herodotus-Aubrey de Sélincourt-Andrew Robert Burn,3.98,0140440348,9780140440348,en-US,653,134,17
1367,The Histories,Herodotus-Jennifer Tolbert Roberts-Walter Blanco,3.98,0393959465,9780393959468,en-US,464,38,5
1368,The Histories,Herodotus-Edward Henry Blakeney-George Rawlinson-Rosalind Thomas,3.98,0375400613,9780375400612,en-US,816,125,10
1369,The History,Herodotus-Peter Grene,3.98,0226327701,9780226327709,en-US,710,36,6
1371,The Iliad,Homer-Robert Fagles-Bernard Knox,3.85,0140275363,9780140275360,eng,683,275201,3218
1373,Iliad,Homer-Stanley Lombardo-Sheila Murnaghan,3.85,0872203522,9780872203525,en-US,574,995,131
1374,The Iliad,Homer-Robert Fitzgerald-Andrew Ford,3.85,0374529051,9780374529055,en-US,588,664,72
1375,The Iliad/The Odyssey,Homer-Robert Fagles-Bernard Knox,4.03,0147712556,9780147712554,eng,1556,53185,367
1376,The Iliad,Homer-E.V. Rieu-Peter Jones-D.C.H. Rieu,3.85,0140447946,9780140447941,eng,462,1844,111
1377,The Iliad,Homer-W.H.D. Rouse,3.85,0451527372,9780451527370,en-US,312,151,14
1378,The Essential Iliad,Homer-Sheila Murnaghan-Stanley Lombardo,3.95,0872205428,9780872205420,en-US,215,197,16
1381,The Odyssey,Homer-Robert Fagles-Bernard Knox,3.75,0143039954,9780143039952,eng,541,730272,6249
1382,The Odyssey,Homer-Robert Fitzgerald-D.S. Carne-Ross,3.75,0374525749,9780374525743,eng,515,1650,173
1383,The Odyssey,Homer-Richmond Lattimore,3.75,0060931957,9780060931957,eng,374,1100,78
1384,The Odyssey,Homer-E.V. Rieu-Peter Jones-D.C.H. Rieu,3.75,0140449116,9780140449112,eng,324,2405,159
1387,The Odyssey,Homer-W.H.D. Rouse,3.75,0451527364,9780451527363,eng,304,252,24
1391,Aeneid: Selections from Books 1  2  4  6  10  12,Virgil-Barbara Weiden Boyd,4.34,086516584X,9780865165847,eng,161,65,6
1402,Eclogues. Georgics. Aeneid: Books 1-6,Virgil-Henry Rushton Fairclough-G.P. Goold,4.31,067499583X,9780674995833,mul,607,368,10
1403,City Eclogue,Ed Roberson,4.14,1891190237,9781891190230,eng,136,66,7
1405,The Eclogues and The Georgics,Virgil-Cecil Day-Lewis,3.82,0192837680,9780192837684,eng,180,237,14
1408,Paul Kirk's Championship Barbecue Sauces: 175 Make-Your-Own Sauces  Marinades  Dry Rubs  Wet Rubs  Mops and Salsas,Paul  Kirk,3.90,155832125X,9781558321250,eng,272,52,0
1414,The Riverside Shakespeare,William Shakespeare-G. Blakemore Evans,4.55,0395754909,9780395754900,eng,2057,3702,163
1417,The Complete Pelican Shakespeare,William Shakespeare-Stephen Orgel-A.R. Braunmuller,4.59,0141000589,9780141000589,eng,1808,559,25
1419,The Complete Works,William Shakespeare,4.49,0517092948,9780517092941,eng,1248,62,6
1420,Hamlet,William Shakespeare-Harold Bloom-Rex Gibson,4.01,0521618746,9780521618748,eng,289,577429,6702
1421,The Oxford Shakespeare: The Complete Works,William Shakespeare-Stanley Wells-Gary Taylor,4.62,0199267170,9780199267170,eng,1420,488,38
1423,The Compleat Works of Wllm Shkspr (abridged),Reduced Shakespeare Company-Jess Borgeson-Adam Long-Daniel Singer-Jess Winfield,4.46,1557831572,9781557831576,eng,137,7970,117
1424,The Pilgrimage: A Contemporary Quest for Ancient Wisdom,Paulo Coelho-Alan R. Clarke,3.65,006251279X,9780062512796,en-US,272,878,90
1425,The Valkyries,Paulo Coelho-Alan R. Clarke,3.31,0062513346,9780062513342,en-US,212,696,56
1426,Warrior of the Light,Paulo Coelho,3.70,0060527986,9780060527983,en-US,142,21578,905
1427,The Zahir,Paulo Coelho-Margaret Jull Costa,3.57,0060832819,9780060832810,eng,336,56713,2500
1428,By the River Piedra I Sat Down and Wept,Paulo Coelho-Alan R. Clarke,3.57,0061122092,9780061122095,eng,208,68403,2644
1429,The Fifth Mountain,Paulo Coelho-Clifford E. Landers,3.62,0060930136,9780060930134,en-US,256,749,49
1430,Eleven Minutes,Paulo Coelho-Margaret Jull Costa,3.69,0060589280,9780060589288,eng,273,114826,4731
1431,Veronika Decides to Die,Paulo Coelho-Margaret Jull Costa,3.70,0061124265,9780061124266,eng,210,126224,5201
1433,Hamlet,William Shakespeare-Stephen Orgel-A.R. Braunmuller,4.01,0140714545,9780140714548,eng,148,1605,116
1437,Cliffs Notes on Shakespeare's Hamlet,Carla Lynn Stockton,3.68,0764586033,9780764586033,en-US,129,65,6
1438,Shakespeare's Hamlet,William Shakespeare-Terri Mategrano,4.04,0764585681,9780764585685,eng,240,98,16
1439,Hamlet's Mill: An Essay Investigating  the Origins of Human Knowledge & Its Transmission Through Myth,Giorgio De Santillana-Hertha Von Dechend,4.27,0879232153,9780879232153,eng,450,458,52
1440,History of the Peloponnesian War: Bk. 1-2,Thucydides-C.F. Smith,4.30,0674991206,9780674991200,mul,496,191,7
1441,On Justice  Power and Human Nature: Selections from The History of the Peloponnesian War,Thucydides-Paul Woodruff,3.72,0872201686,9780872201682,eng,172,567,13
1444,History of the Peloponnesian War: Bk. 5-6,Thucydides-C.F. Smith,4.34,0674991222,9780674991224,mul,400,36,0
1445,The Peloponnesian War,Thucydides-Steven Lattimore,3.89,0872203948,9780872203945,eng,530,151,23
1449,The Peloponnesian War: A New Translation  Backgrounds  Interpretations,Thucydides-Jennifer Tolbert Roberts-Walter Blanco,3.89,0393971678,9780393971675,eng,554,24,4
1459,History of the Peloponnesian War  Bk. 7-8,Thucydides-C.F. Smith,4.28,0674991877,9780674991873,eng,480,33,0
1461,Thucydides  Book 6 Commentary,Cynthia W. Shelmerdine,4.50,0929524357,9780929524351,eng,34,2,0
1462,Euripides I: Alcestis / The Medea / The Heracleidae / Hippolytus,Euripides-Richmond Lattimore-David Grene-Rex Warner-Ralph Gladstone,4.03,0226307808,9780226307800,eng,221,4482,52
1463,Euripides V: Electra / The Phoenician Women / The Bacchae,Euripides-David Grene-Richmond Lattimore-Emily Townsend Vermeule-Elizabeth Wyckoff-William Arrowsmith,4.21,0226307840,9780226307848,eng,228,3313,44
1465,Euripides IV: Rhesus / The Suppliant Women / Orestes / Iphigenia in Aulis,Euripides-David Grene-Richmond Lattimore-William Arrowsmith-Frank William Jones-Charles R. Walker,4.21,0226307832,9780226307831,eng,307,546,8
1466,Grief Lessons: Four Plays by Euripides,Euripides-Anne Carson,4.39,1590171802,9781590171806,eng,312,593,68
1467,Ten Plays,Euripides-Moses Hadas-John Maclean,4.17,0553213636,9780553213638,en-US,432,1430,21
1468,Euripides III: Hecuba / Andromache / The Trojan Women / Ion (Complete Greek Tragedies  #7),Euripides-David Grene-Richmond Lattimore-William Arrowsmith-John Frederick Nims-Ronald Frederick Willetts,3.98,0226307824,9780226307824,eng,255,535,15
1470,Euripides II: The Cyclops / Heracles / Iphigenia in Tauris / Helen,Euripides-David Grene-Richmond Lattimore-Witter Bynner-William Arrowsmith,4.33,0226307816,9780226307817,eng,264,734,12
1473,Medea and Other Plays,Euripides-John Davie-Richard Rutherford,4.03,0140449299,9780140449297,eng,206,8994,113
1474,Cyclops. Alcestis. Medea,Euripides-David Kovacs,4.21,0674995600,9780674995604,eng,432,58,4
1475,Medea,Euripides-Donald J. Mastronarde,3.85,0521643864,9780521643863,grc,431,199,9
1476,The Bacchae and Other Plays,Euripides-John Davie-Richard Rutherford,4.13,0140447261,9780140447262,eng,360,153,8
1479,Bakkhai,Euripides-Reginald Gibbons-Peter H. Burian,3.86,0195125983,9780195125986,eng,160,146,13
1480,Plays 1: Medea/The Phoenician Women/Bacchae,Euripides-David Thompson-J. Michael Walton,3.78,0413752801,9780413752802,eng,192,9,0
1486,The Trojan Women and Hippolytus,Euripides,3.56,0486424626,9780486424620,eng,64,31,4
1488,The Bacchae of Euripides: A Communion Rite,Wole Soyinka,3.85,0393325830,9780393325836,eng,128,108,6
1489,Orestes and Other Plays,Euripides-James Morwood-Robin Waterfield,4.07,0192832603,9780192832603,eng,282,146,2
1494,Alcestis,Euripides-William Arrowsmith,3.83,0195061667,9780195061666,eng,142,1824,85
1495,Suppliant Women  Electra  Heracles,Euripides-David Kovacs,4.47,067499566X,9780674995666,eng,464,30,4
1498,Helen,Euripides-A. Dale,3.69,090651598X,9780906515983,eng,216,5,1
1499,Medea,Euripides-Georgia Ann Machemer-Michael   Collier,3.85,0195145666,9780195145663,eng,116,339,33
1504,Euripides: Medea,William Allan,3.88,071563187X,9780715631874,eng,160,17,1
1506,CliffsNotes on Euripides' Medea and Electra,Robert J. Milch,4.20,0822004240,9780822004240,eng,69,5,0
1509,Trojan Women/Iphigenia Among the Taurians/Ion,Euripides-David Kovacs,3.97,0674995740,9780674995741,eng,528,27,2
1511,Euripides: Iphigenia at Aulis (Companions to Greek & Roman Tragedy),Euripides-Pantelis Michelakis,4.02,0715629948,9780715629949,eng,144,12,1
1515,The Complete Greek Tragedies  Volume 3: Euripides,Euripides-David Grene-Richmond Lattimore,4.48,0226307662,9780226307664,eng,672,46,7
1516,Aeschylus I: Oresteia (Agamemnon  The Libation Bearers  The Eumenides),Aeschylus-David Grene-Richmond Lattimore,4.01,0226307786,9780226307787,en-US,171,688,50
1517,Aeschylus II: The Suppliant Maidens  The Persians  Seven against Thebes  and Prometheus Bound (The Complete Greek Tragedies),Aeschylus-David Grene-Richmond Lattimore-Seth Benardete,4.10,0226307948,9780226307947,eng,188,382,25
1518,The Oresteia,Aeschylus-Alan Shapiro-Peter H. Burian,4.01,019513592X,9780195135923,eng,304,76,7
1519,The Oresteia: Agamemnon  The Libation Bearers  The Eumenides,Aeschylus-Robert Fagles-William Bedell Stanford,4.01,0140443339,9780140443332,eng,335,27759,536
1521,Oresteia,Aeschylus-Peter Meineck-Helene P. Foley,4.01,0872203905,9780872203907,eng,224,286,20
1523,Prometheus Bound and Other Plays,Aeschylus-Philip Vellacott,4.10,0140441123,9780140441123,eng,160,4075,55
1525,The Oresteia,Aeschylus-Ted Hughes,4.01,0374527059,9780374527051,en-US,208,211,25
1526,Aeschylus  1: The Oresteia: Agamemnon/The Libation Bearers/The Eumenides,Aeschylus-David R. Slavitt-Smith Palmer Bovie,4.01,081221627X,9780812216271,eng,178,12,3
1527,The Complete Greek Tragedies  Volume 1: Aeschylus,Aeschylus-Richmond Lattimore-David Grene,4.11,0226307646,9780226307640,eng,358,75,7
1529,Aeschylus: The Oresteia (A Student Guide: Landmarks of World Literature),Simon Goldhill,4.03,0521539811,9780521539814,eng,95,28,3
1530,The Oresteia: Agamemnon  Choephoroe & Eumenides (Everyman's Library  No. 260),Aeschylus-George Thomson-Richard Seaford,4.01,1400041929,9781400041923,eng,127,61,7
1531,Aeschylus 2: The Persians/Seven Against Thebes/The Suppliants/Prometheus Bound,Aeschylus-David R. Slavitt-Smith Palmer Bovie,4.10,0812216717,9780812216714,en-GB,232,12,2
1532,The Oresteia Trilogy: Agamemnon/The Libation-Bearers/The Furies,Aeschylus-E.D.A. Morshead,4.01,0486292428,9780486292427,eng,151,87,8
1533,The Suppliant Maidens/The Persians/Seven against Thebes/Prometheus Bound,Aeschylus-E.D.A. Morshead,4.10,1419150014,9781419150012,eng,208,1,0
1536,Sophocles II: Ajax/Women of Trachis/Electra/Philoctetes (Complete Greek Tragedies 4),Sophocles-David Grene-Richmond Lattimore-John Moore-Michael Jameson,4.14,0226307867,9780226307862,eng,254,4952,34
1537,The Oedipus Plays of Sophocles: Oedipus the King; Oedipus at Colonus; Antigone,Sophocles-Paul Roche,3.97,0452011671,9780452011670,eng,288,529,45
1538,The Complete Plays,Sophocles-Paul Roche,4.27,0451527844,9780451527844,eng,420,2856,37
1540,The Oedipus Cycle: Oedipus Rex  Oedipus at Colonus  Antigone,Sophocles-Robert Fitzgerald-Dudley Fitts,3.97,015602764X,9780156027649,eng,259,44470,672
1542,The Three Theban Plays: Antigone  Oedipus the King  Oedipus at Colonus,Sophocles-Robert Fagles-Bernard Knox,3.97,0140444254,9780140444254,eng,430,2825,271
1543,Ajax/Electra/Oedipus Tyrannus,Sophocles-Hugh Lloyd-Jones,4.49,0674995570,9780674995574,eng,496,104,7
1546,Theban Plays,Sophocles-Peter Meineck-Paul Woodruff,3.97,0872205851,9780872205857,en-US,304,102,7
1547,The Theban Plays (Everyman's Library  #93),Sophocles-David Grene-Charles Segal,3.97,0679431322,9780679431329,en-US,223,53,3
1548,Electra and Other Plays,Sophocles-E.F. Watling,4.14,0140440283,9780140440287,eng,218,132,9
1549,Antigone / Oedipus the King / Electra,Sophocles-Edith Hall-H.D.F. Kitto,3.94,0192835882,9780192835888,eng,178,13060,183
1554,Oedipus Rex  (The Theban Plays  #1),Sophocles-J.E. Thomas,3.69,1580495931,9781580495936,eng,75,134960,1646
1555,The Oedipus Plays of Sophocles,Sophocles-Paul Roche,3.97,0451621603,9780451621603,eng,390,8,1
1558,Oedipus Rex (Greek and Latin Classics),Sophocles-Roger D. Dawe,3.69,0521617359,9780521617352,grc,214,209,1
1559,Oedipus the King,Sophocles-Bernard Knox-Cynthia Brantley Johnson,3.69,1416500332,9781416500339,eng,144,706,49
1560,Four Plays: The Clouds/The Birds/Lysistrata/The Frogs,Aristophanes-William Arrowsmith-Richmond Lattimore-Douglass Parker,4.06,0452007178,9780452007178,eng,624,5986,78
1561,Three Plays by Aristophanes: Lysistrata/Women at the Thesmophoria/Assemblywomen,Aristophanes-Jeffrey Henderson,3.92,0415907446,9780415907446,eng,256,93,6
1562,The Complete Plays,Aristophanes-Moses Hadas,4.21,0553213431,9780553213430,eng,577,1954,32
1563,Aristophanes 1: The Acharnians/Peace/Celebrating Ladies/Wealth,Aristophanes-David R. Slavitt,3.83,0812234561,9780812234565,eng,322,4,0
1566,Clouds/Wasps/Birds (Aristophanes 1),Aristophanes-Peter Meineck,3.76,0872203611,9780872203617,eng,480,1,0
1567,Lysistrata and Other Plays,Aristophanes-Alan H. Sommerstein,3.96,0140448144,9780140448146,en-US,241,3723,113
1568,Acharnians,Aristophanes-Jeffrey Henderson,3.42,1585100870,9781585100873,eng,96,23,2
1571,Clouds,Aristophanes-Kenneth James Dover,3.76,0199120099,9780199120093,eng,254,13,2
1572,Clouds/Wasps/Peace,Aristophanes-Jeffrey Henderson,4.12,0674995376,9780674995376,grc,624,68,10
1573,The Birds and Other Plays,Aristophanes-David B. Barrett-Alan H. Sommerstein,4.13,0140449515,9780140449518,eng,336,1241,17
1576,Three Plays: The Wasps / The Poet and the Women / The Frogs,Aristophanes-David B. Barrett,3.95,0140441522,9780140441529,eng,224,372,27
1577,Four Comedies: Lysistrata / The Frogs / The Birds / Ladies' Day,Aristophanes-Dudley Fitts,4.03,0156027658,9780156027656,eng,400,14,2
1579,Frogs/Assemblywomen/Wealth (Loeb Classical Library 180),Aristophanes-Jeffrey Henderson,4.19,0674995961,9780674995963,grc,608,57,3
1584,Cliffs Notes on Aristophanes' Lysistrata  The Birds  The Clouds  The Frogs,W. John Campbell,2.33,0822007762,0049086007763,eng,80,3,0
1585,Aristophanes and Athens: An Introduction to the Plays,Douglas M. MacDowell,4.07,0198721595,9780198721598,eng,376,14,3
1586,Lysistrata,Aristophanes-Douglass Parker,3.85,0451616227,9780451616227,eng,98,19,2
1590,Peace,Aristophanes-S. Douglas Olson,3.58,0198140819,9780198140818,eng,408,243,11
1591,Lysistrata,Aristophanes-Sarah Ruden,3.85,0872206033,9780872206038,eng,132,29881,522
1592,The Knights / Peace / The Birds / The Assembly Women / Wealth,Aristophanes-Alan H. Sommerstein-David B. Barrett-David Brett,3.79,0140443320,9780140443325,en-US,335,39,1
1595,Genres in Dialogue: Plato and the Construct of Philosophy,Andrea Wilson Nightingale,4.33,0521774330,9780521774338,en-GB,238,5,2
1617,Night (The Night Trilogy  #1),Elie Wiesel-Marion Wiesel-François Mauriac,4.32,0374500010,9780374500016,eng,115,834287,24227
1618,The Curious Incident of the Dog in the Night-Time,Mark Haddon,3.87,1400032717,9781400032716,eng,226,991627,34202
1620,The Night Gardener,George Pelecanos,3.63,0316156507,9780316156509,eng,372,3941,353
1622,A Midsummer Night's Dream,William Shakespeare-Barbara A. Mowat-Paul Werstine-Catherine Belsey,3.94,0743477545,9780743477543,eng,298,371813,5196
1624,West with the Night,Beryl Markham,4.19,0865471185,9780865471184,eng,294,23110,2370
1625,Twelfth Night,William Shakespeare,3.98,0743482778,9780743482776,eng,220,133832,2321
1627,Brokeback Mountain,Annie Proulx,3.94,0743271327,9780743271325,eng,55,23424,1595
1629,Close Range: Brokeback Mountain and Other stories,Annie Proulx,3.99,0007205589,9780007205585,en-GB,318,466,65
1633,Getting Things Done: The Art of Stress-Free Productivity,David    Allen,3.99,0142000280,9780142000281,en-GB,267,95950,3597
1635,Execution: The Discipline of Getting Things Done,Larry Bossidy-Ram Charan-Charles Burck,3.86,0609610570,9780609610572,en-US,278,21120,337
1642,Formas breves,Ricardo Piglia,4.16,843392463X,9788433924636,spa,144,210,27
1643,El último lector,Ricardo Piglia,4.12,8433968777,9788433968777,spa,209,301,20
1645,Money to Burn,Ricardo Piglia-Amanda Hopkinson,3.75,1862076650,9781862076655,eng,209,66,12
1646,Respiración artificial,Ricardo Piglia,3.96,8433924710,9788433924711,spa,218,1188,71
1654,Plata quemada,Ricardo Piglia,3.75,8433924621,9788433924629,spa,227,1003,54
1658,American Government: Continuity and Change  Alternate Edition,Karen  O'Connor-Larry J. Sabato,2.95,0321317106,9780321317100,eng,664,0,0
1664,Essentials of American and Texas Government: Continuity and Change,Karen  O'Connor-Larry J. Sabato,3.50,0321365208,9780321365200,eng,854,0,0
1667,El túnel,Ernesto Sabato,4.05,8432216429,9788432216428,spa,159,405,52
1677,Sobre héroes y tumbas,Ernesto Sabato,4.27,9500716054,9789500716055,spa,547,6294,165
1681,The Confessions (Works of Saint Augustine 1),Augustine of Hippo-John E. Rotelle-Maria Boulding,3.91,1565480848,9781565480841,eng,416,138,24
1684,The City of God,Augustine of Hippo-Thomas Merton-Marcus Dods,3.92,0679783199,9780679783190,eng,905,99,15
1685,The Enchiridion on Faith Hope and Love (Augustine Series 1),Augustine of Hippo-Bruce Harbert-John E. Rotelle,4.04,1565481240,9781565481244,eng,144,251,19
1686,Augustine of Hippo: A Biography,Peter R.L. Brown,4.27,0520227573,9780520227576,en-US,576,1557,95
1692,The Political Writings of St. Augustine,Augustine of Hippo-Henry Paolucci-Dino Bigongiari,3.83,0895269414,9780895269416,eng,384,0,0
1693,On Christian Doctrine,Augustine of Hippo-D.W. Robertson Jr.,4.01,0024021504,9780024021502,eng,191,2213,60
1698,Confessions  Books 1-13,Augustine of Hippo-Peter R.L. Brown-Frank Sheed,3.91,0872201864,9780872201866,eng,296,73,9
1702,Saint Augustine,Garry Wills,3.53,0143035983,9780143035985,eng,176,257,30
1703,Augustine: A Very Short Introduction,Henry Chadwick,3.74,0192854526,9780192854520,eng,144,219,31
1707,On Genesis/A Refutation of the Manichees/The Unfinished Literal Meaning of Genesis (Works of St Augustine 1),Augustine of Hippo-Boniface Ramsey-Edmund Hill,3.94,1565482018,9781565482012,eng,540,26,2
1709,Kitchen Confidential: Adventures in the Culinary Underbelly,Anthony Bourdain,4.06,0060934913,9780060934910,eng,302,2428,275
1710,Confesiones de un chef,Anthony Bourdain,4.06,8466308954,9788466308953,spa,478,10,0
1713,The Metamorphoses of Ovid,Ovid-Allen Mandelbaum,4.05,0156001268,9780156001267,eng,559,685,62
1715,Metamorphoses,Ovid-David Raeburn-Denis Feeney,4.05,014044789X,9780140447897,eng,723,46550,716
1717,Tales from Ovid,Ovid-Ted Hughes,4.23,0571191037,9780571191031,eng,264,174,19
1718,Metamorphoses,Ovid-Bernard Knox-Charles    Martin,4.05,0393058107,9780393058109,eng,624,27,8
1720,Ovid's Metamorphoses: Books 1-5,Ovid-William Scovil Anderson,4.25,0806128941,9780806128948,eng,584,220,16
1721,Ovid’s Metamorphoses: Books 6-10,Ovid-William Scovil Anderson,4.30,0806114568,9780806114569,eng,560,31,3
1722,Latin Via Ovid: A First Course,Norma Goldman-Jacob E. Nyenhuis,4.38,0814317324,9780814317327,en-US,524,76,8
1725,The Art of Love and Other Poems,Ovid-J.H. Mozley-G.P. Goold,4.02,0674992555,9780674992559,eng,400,93,4
1728,The Poems of Exile: Tristia and the Black Sea Letters,Ovid-Peter Green,4.12,0520242602,9780520242609,eng,451,412,14
1729,Metamorphoses: Volume 2  Books IX-XV,Ovid-Frank Justus Miller,4.57,0674990471,9780674990470,eng,499,60,4
1730,Metamorphoses: Volume I  Books I-VIII,Ovid-Frank Justus Miller,4.42,0674990463,9780674990463,eng,496,757,14
1731,Practice! Practice!: A Latin Via Ovid Workbook (Revised Ed.),Norma Goldman-Michael  Rossi,4.08,0814326110,9780814326114,eng,152,12,0
1744,Tibullus: A Commentary,Michael C.J. Putnam,3.67,0806115602,9780806115603,eng,222,6,1
1750,Dionysiac Poetics and Euripides' Bacchae,Charles Segal,4.62,069101597X,9780691015972,eng,440,12,0
1752,Antigone,Sophocles-Reginald Gibbons-Charles Segal,3.63,0195143108,9780195143102,eng,197,33,5
1761,Antigone,Sophocles-Reginald Gibbons-Charles Segal,3.63,0195143736,9780195143737,eng,208,254,14
1771,Object-Oriented Programming in C++,Richard Johnsonbaugh-Martin Kalin,4.07,0130158852,9780130158857,eng,640,14,0
1772,The Tower,Richard Martin Stern,3.45,0446594342,9780446594349,eng,302,241,19
1796,The Iliad,Homer-Robert Fitzgerald,3.85,1857150600,9781857150605,eng,594,22,2
1800,Love  Sex & Tragedy: How the Ancient World Shapes Our Lives,Simon Goldhill,3.76,0226301192,9780226301198,eng,345,120,15
1801,Reading Greek Tragedy,Simon Goldhill,4.04,0521315794,9780521315791,eng,302,27,2
1804,Who Needs Greek? Contests in the Cultural History of Hellenism,Simon Goldhill,3.40,0521011760,9780521011761,eng,334,10,1
1805,Foucault's Virginity: Ancient Erotic Fiction & the History of Sexuality (Stanford Memorial Lecture),Simon Goldhill,3.75,0521479347,9780521479349,eng,212,11,0
1814,2012: The Return of Quetzalcoatl,Daniel Pinchbeck,3.41,1585424838,9781585424832,en-US,408,1395,219
1815,Breaking Open the Head: A Psychedelic Journey Into the Heart of Contemporary Shamanism,Daniel Pinchbeck-Lee Fukui,4.06,0767907434,9780767907439,en-US,336,2700,167
1817,Breaking Open the Head: A Psychedelic Journey from Cynicism to Shamanism,Daniel Pinchbeck,4.06,0007149611,9780007149612,eng,336,46,2
1823,Them: Adventures with Extremists,Jon Ronson,3.95,0743233212,9780743233217,eng,336,11066,778
1824,The Men Who Stare at Goats,Jon Ronson,3.60,0743270606,9780743270601,eng,259,9956,858
1839,Guns  Germs and Steel: The Fates of Human Societies,Jared Diamond,4.02,0393061310,9780393061314,eng,518,4269,405
1841,Armas  gérmenes y acero,Jared Diamond,4.02,848306667X,9788483066676,spa,588,175,23
1842,Guns  Germs  and Steel: The Fates of Human Societies,Jared Diamond,4.02,0739467352,9780739467350,eng,425,215744,7775
1843,Caught Inside: A Surfer's Year on the California Coast,Daniel Duane,3.87,0865475091,9780865475090,eng,256,603,60
1845,Into the Wild,Jon Krakauer,3.97,0385486804,9780385486804,eng,207,754275,17497
1846,Wild at Heart: Discovering the Secret of a Man's Soul,John Eldredge,3.92,0785268839,9780785268833,eng,256,55195,1515
1848,Wild Swans: Three Daughters of China,Jung Chang,4.25,0743246985,9780743246989,eng,562,69142,4103
1849,Wild Fire (John Corey  #4),Nelson DeMille,4.00,044657967X,9780446579674,eng,519,20270,917
1850,Born to Be Wild,Catherine Coulter,3.78,0515142395,9780515142396,eng,354,2403,112
1852,The Call of the Wild,Jack London,3.85,0439227143,9780439227148,eng,172,255627,6478
1853,Wild About Books,Judy Sierra-Marc Brown,4.17,037582538X,9780375825385,eng,40,4372,366
1856,In Web Design for Libraries,Charles P. Rubenstein,2.67,1591583667,9781591583660,eng,196,9,2
1869,Nickel and Dimed: On (Not) Getting by in America,Barbara Ehrenreich,3.62,0805063897,9780805063899,eng,240,163279,5673
1875,The History of Sexuality  Volume 1: An Introduction,Michel Foucault-Robert Hurley,4.04,0679724699,9780679724698,eng,176,14218,508
1877,The History of Sexuality 1: An Introduction,Michel Foucault-Robert Hurley,4.04,0394417755,9780394417752,eng,168,14,3
1878,The History of Sexuality  Volume 2: The Use of Pleasure,Michel Foucault-Robert Hurley,4.07,0394751221,9780394751221,eng,304,2827,68
1879,The History of Sexuality  Volume 1: The Will to Knowledge,Michel Foucault-Robert Hurley,4.04,0140268685,9780140268683,eng,168,286,25
1883,The History of Sexuality  Volume 2: The Use of Pleasure,Michel Foucault-Robert Hurley,4.07,0140137343,9780140137347,eng,304,47,2
1886,Pride and Prejudice,Jane Austen-Tony Tanner-Vivien Jones,4.25,0141439513,9780141439518,eng,480,11552,1170
1887,The Making of Pride and Prejudice,Sue Birtwistle-Sue Conklin-Susie Conklin,4.43,014025157X,9780140251579,eng,128,3860,96
1888,Pride and Prejudice,Jane Austen,4.25,0192802380,9780192802385,eng,333,2369,259
1889,Pride & Prejudice,Jane Austen-Vivien Jones,4.25,0143036238,9780143036234,eng,392,1779,209
1891,Pride and Prejudice,Jane Austen-George Saintsbury-Hugh  Thomson,4.25,0486440915,9780486440910,eng,476,1131,167
1893,Pride and Prejudice,Jane Austen-Carol Howard,4.25,1593083246,9781593083243,eng,392,1563,166
1894,Under the Banner of Heaven: A Story of Violent Faith,Jon Krakauer,3.99,1400032806,9781400032808,eng,399,7271,1002
1896,Iceland: Land of the Sagas,David  Roberts-Jon Krakauer,3.72,0375752676,9780375752674,eng,160,315,36
1898,Into Thin Air: A Personal Account of the Mount Everest Disaster,Jon Krakauer,4.15,0385494785,9780385494786,eng,368,327791,11023
1899,Under The Banner Of Heaven,Jon Krakauer,3.99,0965778401,9780965778404,eng,372,44,4
1902,In the Land of White Death: An Epic Story of Survival in the Siberian Arctic,Valerian Albanov-Jon Krakauer-David  Roberts-Alison Anderson-Валериан Альбанов,4.00,067978361X,9780679783619,eng,288,1836,124
1911,The World Is Flat: A Brief History of the Twenty-first Century,Thomas L. Friedman,3.68,0374292795,9780374292799,eng,616,85459,2797
1914,La Tierra es plana: Breve historia del mundo globalizado del siglo XXI,Thomas L. Friedman,3.68,8427032226,9788427032224,spa,495,36,0
1925,The Avalanche Handbook,David McClung-Peter Schaerer,4.02,0898868092,9780898868098,eng,342,41,1
1931,Avalanche,Arthur J. Roth,3.65,0590422677,9780590422673,eng,144,260,35
1934,Little Women,Louisa May Alcott,4.06,0451529308,9780451529305,eng,449,1402458,15525
1935,Little Women,Louisa May Alcott-Scott McKowen,4.06,1402714580,9781402714580,en-CA,520,1319,122
1936,Little Women,Louisa May Alcott-Paula Danziger,4.06,0439101360,9780439101363,eng,562,422,40
1937,Little Women,Louisa May Alcott-Jessie Willcox Smith-Frank T. Merrill,4.06,0517221160,9780517221167,eng,389,151,8
1946,Little Women  Little Men  Jo's Boys,Louisa May Alcott-Elaine Showalter,4.31,1931082731,9781931082730,eng,1045,2949,82
1947,Little Women,Louisa May Alcott,4.06,1904633277,9781904633273,eng,327,74,8
1952,A Tale of Two Cities,Charles Dickens,3.83,0486406512,9780486406510,eng,293,901,74
1953,A Tale of Two Cities,Charles Dickens-Richard Maxwell-Saniye Güven-Sevil İnan Sönmez,3.83,0141439602,9780141439600,eng,489,693045,11614
1954,CliffsNotes Dickens' A Tale of Two Cities,Marie Kalil,3.49,0764586068,9780764586064,eng,128,35,10
1955,A Tale of Two Cities,Charles Dickens-Keith Cox-Cynthia Brantley Johnson,3.83,0743487605,9780743487603,eng,496,128,29
1957,A Tale of Two Cities,Charles Dickens-Gillen D'Arcy Wood,3.83,1593081383,9781593081386,eng,409,1255,172
1958,A Tale of Two Cities: Charles Dickens,SparkNotes,3.87,158663352X,9781586633523,eng,96,9,1
1959,A Tale of Two Cities,Charles Dickens-Gillen D'Arcy Wood,3.83,1593080557,9781593080556,en-US,429,709,87
1960,A Tale of Two Cities,Charles Dickens-Simon Schama,3.83,1857151437,9781857151435,eng,432,37,8
1970,A Tale of Two Cities,Lucinda Hawksley-Bob Harvey-Charles Dickens,3.88,079450390X,9780794503901,eng,160,22,2
1972,Den of Thieves,James B. Stewart,4.16,067179227X,9780671792275,en-US,592,9180,198
1973,Den of Thieves (Ad&d 2nd Edition),Wes Nicholson,3.29,0786903821,9780786903825,eng,96,7,0
1976,Den of Thieves (Cat Royal  #3),Julia Golding,4.21,1405228180,9781405228183,eng,416,1404,59
1982,Charles Dickens: Four Novels:  Great Expectations  Hard Times  A Christmas Carol  and A Tale of Two Cities,Charles Dickens,4.29,0517093391,9780517093399,en-US,848,31,2
1984,Bleak House,Charles Dickens-Mary Gaitskill-Hablot Knight Browne,4.01,0375760059,9780375760051,eng,887,1223,146
1985,David Copperfield,Charles Dickens-Gish Jen,3.98,0451530047,9780451530042,eng,928,352,18
1987,What Jane Austen Ate and Charles Dickens Knew: From Fox Hunting to Whist—the Facts of Daily Life in 19th-Century England,Daniel Pool,3.85,0671882368,9780671882365,en-US,416,4749,497
1988,Charles Dickens,Jane Smiley,3.81,0670030775,9780670030774,eng,224,524,78
1990,Martin Chuzzlewit,Charles Dickens-Patricia Ingham-Hablot Knight Browne,3.83,0140436146,9780140436143,eng,830,12722,365
1991,Why Is Sex Fun? The Evolution of Human Sexuality (Science Masters),Jared Diamond,3.71,0465031269,9780465031269,eng,176,4256,253
1993,The Third Chimpanzee: The Evolution & Future of the Human Animal,Jared Diamond,4.05,0060183071,9780060183073,eng,407,57,1
1995,Colapso (Historias),Jared Diamond,3.93,8483066483,9788483066485,spa,752,66,10
1999,J.K.Rowling,Colleen Sexton,3.79,0822533898,9780822533894,eng,112,118,10
2000,Conversations with J.K. Rowling,Lindsey Fraser-J.K. Rowling,3.99,0439314550,9780439314558,eng,96,4184,85
